Job Title,Company,Location,Salary,Description,Link
Data Analyst - Early Career,Lockheed Martin,"Fort Worth, TX 76137",Full-time,"Profile insightsFind out how your skills align with the job descriptionLicensesDo you have a valid Special Access Program license?YesNoSkillsDo you have experience in Tableau?YesNoEducationDo you have a Bachelor's degree?YesNo&nbsp;Job detailsHere’s how the job details align with your profile.Job typeFull-timeShift and schedule4x10&nbsp;LocationFort Worth, TX 76137&nbsp;BenefitsPulled from the full job descriptionFlexible schedulePaid time off&nbsp;Full job description
Job ID: 676418BR  Date posted: Sep. 18, 2024  Description:By bringing together people that use their passion for purposeful innovation, at Lockheed Martin we keep people safe and solve the world's most complex challenges. Our people are some of the greatest minds in the industry and truly make Lockheed Martin a great place to work. With our employees as our priority, we provide diverse career opportunities designed to propel development and boost agility. Our flexible schedules, competitive pay, and comprehensive benefits enable our employees to live a healthy, fulfilling life at and outside of work. At Lockheed Martin, we place an emphasis on empowering our employees by fostering innovation, integrity, and exemplifying the epitome of corporate responsibility. Your Mission is Ours.  Lockheed Martin Aeronautics is seeking a full-time Early Career Data Analyst. In this role, you will perform Modeling, Simulation & Analysis (MS&A) in support of F-35 Sustainment and will be responsible for collecting, processing, and analyzing data to develop immersive stories that answer business questions. Using proven and sound statistical methods, the analyst draws insights from data, and translates those insights into action that drive business results. Data Analysts are extremely resourceful and able to find novel new data sources to enrich their analysis. They apply mathematical and statistical methods to business and risk management problems. The successful candidate will have experience and/or knowledge of supporting coordination and development of problem statements, modeling approaches and ground rules and assumptions (GR&A). Work under the guidance of a technical lead to perform analysis to establish a total cost to performance picture for Sustainment. Analyze fielded performance developing solutions to assigned problems for the purpose of forecasting, root cause analysis, evaluation of potential solutions, and assessment of corrective actions. Must be a US Citizen.; This position will require a government security clearance.; This position is located at a facility that requires special access. Basic Qualifications:

Bachelors of Science degree in Engineering or a related technical discipline (Industrial, Mechanical, Aerospace, Electrical, etc.) Physics, Data Science, Data Analysis, or Mathematics (use of stochastic and deterministic data models) or related technical disciplines with an emphasis in modeling, data manipulation, and/or the application of mathematical and statistical methods to apply to business and risk management problems.
Must be a US Citizen.; This position will require a government security clearance.; This position is located at a facility that requires special access.
Knowledge of scripting (one or more common languages e.g., Python and R), statistics (descriptive and inferential), data munging, and data visualization
Analytical skills and understanding of system databases, data elements and application software solutions to optimize data gathering and analysis
Knowledge of predictive analytics - modeling, simulation and forecasting (for higher level employees), Statistical programming and data processing skills.
Experience with MS Office tool suite
 Desired Skills:

Knowledge of conducting performance and cost analysis, database systems, descriptive statistics and exploratory data analysis
Computer programming experience with SAS or other high-level language.
Ability to query databases using Structured Query Language (SQL).
Familiar with data visualization tools such as Tableau.
Some experience in collecting and compiling datasets from disparate data sources into the required data structure.
Knowledge or experience with SAP/HANA
 Security Clearance Statement: This position requires a government security clearance, you must be a US Citizen for consideration. Clearance Level: Secret Other Important Information You Should Know Expression of Interest: By applying to this job, you are expressing interest in this position and could be considered for other career opportunities where similar skills and requirements have been identified as a match. Should this match be identified you may be contacted for this and future openings. Ability to Work Remotely: Part-time Remote Telework: The employee selected for this position will work part of their work schedule remotely and part of their work schedule at a designated Lockheed Martin facility. The specific weekly schedule will be discussed during the hiring process. Work Schedules: Lockheed Martin supports a variety of alternate work schedules that provide additional flexibility to our employees. Schedules range from standard 40 hours over a five day work week while others may be condensed. These condensed schedules provide employees with additional time away from the office and are in addition to our Paid Time off benefits. Schedule for this Position: 4x10 hour day, 3 days off per week Lockheed Martin is an Equal Opportunity/Affirmative Action Employer. All qualified applicants will receive consideration for employment without regard to race, color, religion, sex, pregnancy, sexual orientation, gender identity, national origin, age, protected veteran status, or disability status. The application window will close in 90 days; applicants are encouraged to apply within 5 - 30 days of the requisition posting date in order to receive optimal consideration. At Lockheed Martin, we use our passion for purposeful innovation to help keep people safe and solve the world's most complex challenges. Our people are some of the greatest minds in the industry and truly make Lockheed Martin a great place to work.   With our employees as our priority, we provide diverse career opportunities designed to propel, develop, and boost agility. Our flexible schedules, competitive pay, and comprehensive benefits enable our employees to live a healthy, fulfilling life at and outside of work. We place an emphasis on empowering our employees by fostering an inclusive environment built upon integrity and corporate responsibility.  If this sounds like a culture you connect with, you're invited to apply for this role. Or, if you are unsure whether your experience aligns with the requirements of this position, we encourage you to search on Lockheed Martin Jobs, and apply for roles that align with your qualifications. Experience Level: 4 yr and up College Business Unit: AERONAUTICS COMPANY Relocation Available: Yes Career Area: Product Support Type: Full-Time Shift: First
&nbsp;",
Data Analyst/ Software Developer,"Stress Engineering Services, Inc.","Houston, TX",Full-time,"Profile insightsFind out how your skills align with the job descriptionSkillsDo you have experience in UI development?YesNoEducationDo you have a Bachelor's degree?YesNo&nbsp;Job detailsHere’s how the job details align with your profile.Job typeFull-time&nbsp;LocationHouston, TX&nbsp;Full job description
 Overview: 
 
  Stress Engineering Services Inc. (SES) is a premier provider of engineered solutions and professional engineering consulting services across all engineering disciplines and has been serving clients since 1972. Over the last 50 years, we have built a sound reputation of unsurpassed technical excellence and superior customer service by employing highly trained and experienced professionals with the highest standard of performance. Approximately 80% of current SES business is repeat or direct referral, a testament to our commitment to quality. We take on some of industry’s most difficult problems, utilizing approximately 275 employees, including 155 engineers across offices in Houston; Cincinnati; Waller, TX; and Calgary, Alberta, Canada.
 


 We are seeking a Data Analyst/ Software Developer who will work closely with other employees in the Digital Solutions Group (DSG), as well as engineers and data analysts outside the group, to develop software and scripts to support projects involving automated simulation and analytics. The position will interface primarily with the DSG Full Stack Developer and other DSG staff, as well as with data analysis engineers. A combination of independent learning and team collaboration will be required to successfully execute projects.
 


 This is an onsite position.
 
 Responsibilities: 
 
Support the DSG by reviewing and analyzing data and recommending strategies for creating algorithms and tools to generate value-added output for clients.
Write software and/or scripts to implement algorithms and submit for QA review, including creating and executing unit tests to ensure high-quality code.
Develop and maintain automated testing processes for software, including UI testing, to validate front-end and back-end functionality.
Evaluate and select new software appropriate for emerging applications as needed.
Prepare and present reports documenting analysis, algorithm development, and testing findings.
Support Project Managers to meet project goals and deliverables.
Participate in code reviews internally and externally.
Integrate software with Azure DevOps (ADO) pipelines, ensuring continuous integration and deployment (CI/CD) processes are efficient and reliable.
Stay informed regarding new technologies and improvements in the industry to maintain proficiency.
Monitor and support existing deployed systems to ensure user and business requirements are met.
Participate in software project management processes.
Generate documentation (e.g., user manuals, training videos, etc.) as required.
 Qualifications: 
 Minimum Qualifications: 

Bachelor of Science degree in Engineering, Computer Science, Information Technology, or related major.
A minimum of 2 years of solid experience in DevOps pipeline applications and software development.
Knowledge in the following programming languages: Python, C#, .NET Framework (4+), .NET Core.
Strong experience in developing and executing unit tests, particularly for UI components and backend systems.
Hands-on experience with Azure DevOps (ADO) pipelines for continuous integration and deployment (CI/CD).
Experience with Microsoft Azure cloud services.
Experience with UI design and development; knowledge of JavaScript is a plus.
Experience in software architecture and design, with the ability to develop scalable, maintainable, and efficient software systems.
Interest in physics and physical sciences.
Strong verbal and written communication skills required.
Excellent analytical and problem-solving skills.
Ability to work well in/with teams.
Strong work ethic and attention to detail required.


  Stress Engineering Services is an independent, employee-owned engineering firm. We are an equal opportunity employer. All qualified applicants will receive consideration for employment without regard to race, color, religion, gender, gender identity or expression, sexual orientation, national origin, genetics, pregnancy, disability, age, veteran status, or other characteristics.
 
&nbsp;",
"IT Data Analyst, Senior",Blue Shield of California,"Oakland, CA 94607","$99,000 - $148,500 a year -  Full-time","Profile insightsFind out how your skills align with the job descriptionSkillsDo you have experience in Virtualization?YesNoEducationDo you have a Bachelor's degree?YesNo&nbsp;Job detailsHere’s how the job details align with your profile.Pay$99,000 - $148,500 a yearJob typeFull-time&nbsp;LocationOakland, CA 94607&nbsp;BenefitsPulled from the full job descriptionWork from home&nbsp;Full job description
JOB DESCRIPTION Your Role 
The Data Analyst team is responsible for performing detailed data analysis, source to target designs, data profiling, and metadata management in support of new development, implementation or enhancement of existing data assets. The Data Analyst, Senior will report to the Manager of Data Solutions and Asset Management. In this role you will participate in design, development, and implementation of large enterprise data warehouse/BI solutions. In addition, you will support operations and assist with production and incident resolution.

This position requires strong collaboration with cross-functional teams consisting of business system analysts, business partners, third party vendors, solution leads, data modelers, analysts, and development teams. The analyst will be responsible for understanding business requirements, researching/analyzing requirements and understanding datasets that support business functions, conduct data profiling, provide appropriate source to target transformations rules/logic for the implementation. Data Analysts are expected to integral part of the full development lifecycle process from concept, design, development through testing, and implementation.

Your Work 
In this role, you will:

Be responsible for performing data analysis which includes inspecting, profiling, transforming with the goal of discovering useful information, suggesting conclusions, and supporting decision-making
Own and manage portfolios and multiple assets within healthcare portfolio and partner with analytics and business counterparts in providing solutions
Perform data analysis, gap and impact analysis for medium to large sized assignment (with mid/large number of data elements, one-to-multiple sources, business impact, and visibility)
Use documented procedures to create source-to-target mapping, capturing business and technical metadata, and complete data lineage
Perform data profiling, present findings to various audience, and propose options
Perform adhoc, live research to demonstrate/present data issues, patterns, relationships, findings and/or recommendations
Partner with Business Subject Matter Experts, Business System Analysts, Solution Technical Leads, Data/Application architects and development teams to analyze data requirements to ensure data design is aligned with business strategy, project and scope
Manipulate and analyze high-volume, high-dimensionality data from various sources using a variety of tools and data analysis techniques, requiring strong proficiency in SQL
Perform ad hoc, live research to demonstrate/present data issues, patterns, relationships, findings and/or recommendations, risks, and assumptions
Work with cross functional teams: data stewards, architects, data governance, data modeler, data quality, development, solution leads, and QA team to address data and mapping questions


 

QUALIFICATIONS Your Knowledge and Experience 

Requires a bachelor's degree preferably in computer science, statistics, or mathematics or equivalent experience
Requires at least 5 years experience in data analysis
Requires at least 5 years hands-on experience in SQL, including querying large and complex data sets
Experience in one or more relational or columnar databases or appliances such as Snowflake, DB2, Oracle, MS SQL Server, Netezza, Redshift etc.
Experience in cloud architecture, Azure framework, data vault methodology and data catalog tool like or similar to Collibra
Strong experience in data management, data integration, data warehouse, data virtualization and data quality design patterns and techniques
Demonstrated experience working with vendor partners, cross-functional and development teams in terms of end-to-end technical delivery
Strong analytic, process flow, problem-solving, communication, customer service, organization skills, required
Excellent verbal and written communications skills. Capable of delivering on multiple competing priorities with little supervisionPrior cloud-based project experience or prior Healthcare experience is a plus
 

Pay Range: 
The pay range for this role is: $ 99000.00 to $ 148500.00 for California.
Note: 
Please note that this range represents the pay range for this and many other positions at Blue Shield that fall into this pay grade. Blue Shield salaries are based on a variety of factors, including the candidate's experience, location (California, Bay area, or outside California), and current employee salaries for similar roles.

#LI-CM1
 
 

ABOUT THE TEAM Blue Shield of California’s mission is to ensure all Californians have access to high-quality health care at a sustainably affordable price. We are transforming health care in a way that genuinely serves our nonprofit mission by lowering costs, improving quality, and enhancing the member and physician experience.
To fulfill our mission, we must ensure a diverse, equitable, and inclusive environment where all employees can be their authentic selves and fully contribute to meet the needs of the multifaceted communities we serve. Our continued commitment to diversity, equity, and inclusion upholds our values and advances our goal of creating a healthcare system that is worthy of our family and friends while addressing health disparities, promoting social justice, and integrating health equity through our products, business practices, and presence as a corporate citizen.
Blue Shield has received awards and recognition for being a certified Fortune 100 Best Companies to Work, Military Friendly Employer, People Companies that Care, a Leading Disability Employer, and one of California’s top companies in volunteering and giving. Here at Blue Shield, we strive to make a positive change across our industry and communities – join us!
Our Values: 

Honest . We hold ourselves to the highest ethical and integrity standards. We build trust by doing what we say we're going to do and by acknowledging and correcting where we fall short.
Human . We strive to be our authentic selves, listening and communicating effectively, and showing empathy towards others by walking in their shoes.
Courageous . We stand up for what we believe in and are committed to the hard work necessary to achieve our ambitious goals.

Our Workplace Model: 
Blue Shield of California is dedicated to making work-life balance a reality. Whether you prefer to work in an office or from home, we understand flexibility is more important than ever. That’s why Blue Shield is a hybrid company, offering you the opportunity to decide where you can do your best and most meaningful work.
Two ways of working: Hybrid (our default) and office

Hybrid – In a business unit approved office a few times per year to 3 days per week, on average


Office – In a business unit approved office 4+ days a week, on average. If the role you’re applying for is deemed an “Essential Role,” the company has determined that the role can only be performed in a Blue Shield office or in the field and would require your to meet the office worker classification.

Physical Requirements: 
Office Environment - roles involving part to full time schedule in Office Environment. Due to the current public health emergency in California, Blue Shield employees are almost all working remotely. Based in our physical offices and work from home office/deskwork - Activity level: Sedentary, frequency most of work day.

Equal Employment Opportunity: 
External hires must pass a background check/drug screen. Qualified applicants with arrest records and/or conviction records will be considered for employment in a manner consistent with Federal, State and local laws, including but not limited to the San Francisco Fair Chance Ordinance. All qualified applicants will receive consideration for employment without regards to race, color, religion, sex, national origin, sexual orientation, gender identity, protected veteran status or disability status and any other classification protected by Federal, State and local laws.
&nbsp;",
Client Data Analyst,mPulse Mobile,"Tucson, AZ 85711",Full-time,"Profile insightsFind out how your skills align with the job descriptionSkillsDo you have experience in SQL?YesNoEducationDo you have a Bachelor's degree?YesNo&nbsp;Job detailsHere’s how the job details align with your profile.Job typeFull-time&nbsp;LocationTucson, AZ 85711&nbsp;Full job description








Job Category: Data and Tech
       



Requisition Number: CLIEN001116
       






















       Posting Details
      




          Posted: September 18, 2024
         


Full-Time
Remote



          Locations
         



Remote









         Job Details
        


Description



Job Summary:
We’re looking for a self-starting and driven Data Analyst to join the mPulse Client Analytics team. This opportunity will enable you to contribute to the mPulse mission by helping our healthcare customers make data-driven decisions. In this role, you will transform complex data into actionable information that will inform health insurance and healthcare provider organizations on how to best target, engage, and empower their patient members to make better health decisions.
There are three main areas of focus as a member of the mPulse Client Analytics team, which is comprised of analysts and analytic consultants. The first is to work with the mPulse Customer Success team to build customized reports and strategic recommendations. The second is to assist the Product team in the buildout of data analytics and reporting capabilities for our product offering. The third is to assist the Data Operations and Data Science team in preparing data for modeling. The right candidate will join other mPulse team members who are passionate, hard-working, and eager to learn on a path for career growth. This position reports to the Vice President, Client Analytics.
 Duties/Responsibilities:

Work with data analysts and engineers to compile and organize healthcare data
Assist in the development of reports, data dictionaries, and presentations
Ensure the team maintains high standards of data management
Convert data into usable information that is easy to understand
Investigate data to find patterns and trends
Communicate analytic insights to team members
Understand data storage and data sharing methods
Ensure the team maintains high standards of data management
Ensure quality control procedures and documentation management are followed

Skills/Abilities/Experience:

Background or interest in healthcare and health insurance quality and operations
Bachelor’s degree in Business Administration, Economics, Computer Science, or a related field
Proficiency with Microsoft Office suite (Excel, Word, PowerPoint)
Experience with SQL, SAS, R, Python, or any coding language.
You will use your experience, or eagerness to learn, to write advanced SQL queries that span multiple data sources to develop business reports
Analytical mindset with good problem-solving skills
Excellent written and verbal communication skills
Good interpersonal skills
Familiarity with machine learning, statistical or financial modeling a plus
Experience with data visualization tools a plus

Minimum Qualifications:

1-3 years of Background or interest in healthcare and health insurance quality and operations
Bachelor’s degree in Business Administration, Economics, Computer Science, or a related field

Physical Requirements:

Ability to stand and sit for extended periods.
Ability to lift 10 lbs. weight.










&nbsp;",
BI Analyst,Ingenics,"Newark, CA","$100,000 - $130,000 a year -  Full-time","Profile insightsFind out how your skills align with the job descriptionSkillsDo you have experience in Tableau?YesNoEducationDo you have a Bachelor's degree?YesNo&nbsp;Job detailsHere’s how the job details align with your profile.Pay$100,000 - $130,000 a yearJob typeFull-timeShift and schedule8 hour shiftMonday to Friday&nbsp;LocationNewark, CA&nbsp;BenefitsPulled from the full job description401(k)Dental insuranceHealth insurance&nbsp;Full job descriptionPosition overview
We are currently seeking an BI Analyst, Supply Chain Digital Operations. This position requires a deep understanding of business intelligence and supply chain analytics within a manufacturing environment. The Analyst will lead KPI generation of supply chain and procurement activities to drive visibility, innovation, efficiency, and agility across the supply chain function.
Key Responsibilities

Partnering with supply chain stakeholder disciplines (ex. Procurement, planning, logistics, program management, etc) and cross-functional organizations to identify KPIs and analysis that can drive visibility and efficiency to deliver value to the company.


Work with stakeholders to identify analytical gaps in supply chain management


Foster cross-functional support for initiative activities


Propose appropriate working structures, timelines, and project plans necessary to track and manage progress


Strategic Leadership:


Develop and execute a data-driven strategy to enhance supply chain operations, improve forecasting accuracy, reduce costs, and mitigate risks.


Collaborate with leadership to align BI and digital initiatives with business objectives and overall company strategy.


Collaborate with cross-functional teams, including IT, operations, and procurement, to integrate BI solutions seamlessly into existing environment.


Stakeholder Engagement:


Collaborate with internal stakeholders, including supply chain leaders, operations managers, and business executives, to understand their requirements and priorities and translate them into data-driven solutions.


Analytics:


Oversee the collection, processing, and analysis of large datasets from multiple sources to extract actionable insights and drive data-driven decision-making.


Stay abreast of emerging trends and best practices in data visualization and apply to solve supply chain challenges.

You Bring

Bachelor’s degree computer science, supply chain management, engineering, finance, in business administration, or related field

· Technical expertise in data extraction, exploration, modeling, and visualization using SQL, Python / R, PowerBI, Tableau, etc
· Strong analytical skills and familiarity with financial decision models and technical/business case creation (Cash-to-Cash conversion, ROI, TCO, etc.)
· System thinker that can clearly articulate technical requirements between brand and technical teams
· Experience in SAP or other MRP/ERP programs
· Possesses a thorough understanding of supply and demand material requirements planning, procurement, sourcing, logistics, materials management & warehousing.

Proven track record of BI analysis, with at least 5 years of experience in supply chain BI development.


Strong business acumen and strategic thinking skills, with the ability to translate business requirements into data-driven solutions that deliver tangible value and ROI.


Excellent communication and interpersonal skills, with the ability to influence and collaborate effectively with stakeholders at all levels of the organization.


Proven ability to drive change and lead cross-functional initiatives in a dynamic and fast-paced environment.


Knowledge of supply chain management principles, processes, and technologies, with a passion for driving innovation and continuous improvement.

· Familiarity with best practices around successful software implementation
Job Type: Full-time
Pay: $100,000.00 - $130,000.00 per year
Benefits:

401(k)
Dental insurance
Health insurance

Schedule:

8 hour shift
Monday to Friday

Experience:

BI: 5 years (Required)
Tableau: 5 years (Required)
Power BI: 5 years (Required)
SQL: 5 years (Required)

Ability to Relocate:

Newark, CA: Relocate before starting work (Required)

Work Location: In person&nbsp;",
Data Analyst (Active Secret Clearance),Aalis Management Consulting,"Aalis Management Consulting in Springfield, VA 22150","$110,000 - $120,000 a year -  Full-time","Profile insightsFind out how your skills align with the job descriptionLicensesDo you have a valid Secret Clearance license?YesNoSkillsDo you have experience in TypeScript?YesNoEducationDo you have a Master's degree?YesNo&nbsp;Job detailsHere’s how the job details align with your profile.Pay$110,000 - $120,000 a yearJob typeFull-timeShift and schedule8 hour shiftMonday to Friday&nbsp;LocationAalis Management Consulting in Springfield, VA 22150&nbsp;BenefitsPulled from the full job description401(k)Dental insuranceHealth insurance&nbsp;Full job descriptionAalis Management Consulting is an 8(a) certified Service-Disabled Veteran-Owned Small Business (SDVOSB) and Economically Disadvantaged Woman-Owned Small Business (EDWOSB) driven by the same principles that guide our armed forces. Founded by a US Army veteran, we take pride in our core values: excellence in reputation, commitment, candor, teamwork, and dependability. Our team delivers stakeholder-focused support in the areas of Acquisition & Procurement Support, (IT) Financial Management, Program Management, and Logistics & Supply Chain Support. Visit us at www.aalismc.com
Title: DoDData AnalystClient: Federal AgencyLocation: Springfield, VAAbility to Work: HybridClearance: Active SecretSecurity Clearance Statement: This position requires a government security clearance; the applicant must be a US Citizen for consideration.Number of Position(s): 2Work Schedule: 8 am – 5 pmWork Day: Monday – Friday
Job Description:
Data analysts will be responsible for developing advanced analytics products and applying data visualization and statistical programming tools to enterprise data to advance and enable the key mission outcomes for our clients. Our team supports all phases of analytic work product development, from the identification of key business questions through data collection and ETL to performing analyses and using a wide range of statistical, machine learning, and applied mathematical techniques to deliver insights to decision-makers. Our practitioners pay special attention to the interplay between data, the business processes that produce it, and the decision-makers that consume insights.
Required Education, Experience, & Skills:

A Bachelor’s degree is required in engineering, engineering management, data science, computer science, or a related degree.
Active Secret security clearance required.
4+ years of experience as a data analyst.
Ability to learn a new data integration platform, Palantir Foundry.
Experience with the following tools: Typescript or Javascript, UI/UX, Contour, Ontology, pipelines builder, data transforms, and PySpark.
Data Analysts must be experienced and demonstrate the ability to use advanced data analytics tools and perform quantitative analyses.
The position requires high attention to detail and the ability to prioritize tasks and work quickly and under deadlines.
Ability to brief senior leadership.

Aalis Management Consulting is an Equal Opportunity/Affirmative Action Employer. All qualified applicants will receive consideration for employment without regard to race, color, religion, sex, pregnancy, sexual orientation, gender identity, national origin, age, protected veteran status, or disability status.
Job Type: Full-time
Pay: $110,000.00 - $120,000.00 per year
Benefits:

401(k)
Dental insurance
Health insurance

Schedule:

8 hour shift

Application Question(s):

An active secret clearance is a must. Do you have an active secret clearance?
Do you have experience with Palantir Foundry? If not, are you interested in learning about this data integration platform?
Do you have experience with the following tools? Please list.

(Typescript or Javascript, UI/UX, Contour, Ontology, pipelines builder, data transforms, and PySpark)?

Please list the government agencies you worked:
Do you have a Bachelor's or Master's degree from an accredited university?
This position only requires 4+ years of experience.
What's your salary expectation?

Work Location: Hybrid remote in Springfield, VA 22150&nbsp;",
Data Analyst,Gartner,"Stamford, CT","$66,000 - $86,940 a year","Profile insightsFind out how your skills align with the job descriptionSkillsDo you have experience in Tableau?YesNoEducationDo you have a Bachelor's degree?YesNo&nbsp;Job detailsHere’s how the job details align with your profile.Pay$66,000 - $86,940 a year&nbsp;LocationStamford, CT&nbsp;BenefitsPulled from the full job description401(k) matchingPaid time off&nbsp;Full job description
Description
The Global Product Management (GPM) organization is responsible for business performance of all research products. The Research Business Analytics (RBA) team is part of GPM and performs analysis related to all aspects of Gartner’s Research. This includes client value drivers: Research content, research interaction, and the research role in conferences and events. RBA also supports the Research & Advisory (R&A) organization by enabling and performing analysis running from client retention analytics, associate performance analytics, budget, and financial analysis (in partnership with the finance organization), and client demand sensing. We power fact-based decision making by providing data, insights, and analytic tools to continuously improve our business – operationally and strategically.   We are looking for an Analyst who is a strong analytical problem solver, has technical understanding of data/data systems and an exceptional team player to be part of our growing team.
This role will primarily focus on ownership of end-to-end deliverables on content and/or interaction and related assets e.g. documents, tools, advisory conversations, proposal reviews etc, including business and operational insights. Initiatives/projects involve data definition, data pull, technical understanding of Gartner data, analyze for insights, build recommendations, visualize data, scale through automate visualizations and reporting. Example objectives are

Build end-to-end dashboards that communicate the performance of our content/interactions including root causes and insights of upcoming trends, areas of bright spots and opportunity
Standardize and automate the top reads for a document or ways we measure reach of a document or impact of interaction etc, across the entitled licensed user base considering target role / industry / geo, the priorities navigator, and other factors.
Build mechanisms to measure current performance and improvement opportunities, of our research assets
Improve content and interaction reporting (e.g., scorecard, operation reviews, adhoc requests from product and R&A), dashboards, and automation

This is an exciting opportunity to be hands-on in our efforts to fuel Gartner’s revenue growth and retention through Gartner’s world-class, must-have content and extraordinary and timely client interactions.
What you’ll do:

Build expertise to be the center of excellence on Gartner research assets data, with deep knowledge of the data across source systems, the data warehouse, and dashboards / reports so analysis is unassailable, and other Gartner teams rely on the data we provide and guidance on how to use it.
Partner with stakeholders (e.g., IT, Research Strategy & Operations, Content Research Excellence, and Global Product Management) to understand business needs and capabilities that can help us analyze performance and return on content investments. Continuously and collaboratively prioritize efforts against areas of highest business impact. Ensure seamless communication and change management across relevant stakeholder orgs
Develop and continuously improve a methodology to measure engagement and thereby impact of content/interactions for Gartner
Execute on the approach to deliver functionality iteratively.
Continuous improvement: Take initiative to identify and roll out improvement initiatives.
Structure large data sets to find usable information, analyse and derive insights
Communicate: Build effective outputs that convey the root cause/clear story of solving a business problem
Seamless collaboration across team and knowledge sharing

What you will need:

Experience : 3+ years of progressive business experience involving advanced business analytics, complex problem solving, and business strategy.


Education: Bachelor’s Degree required. Degree with a concentration in statistics, data science, mathematics, engineering, computer science, or operations research preferred.
Exceptional problem solving: Ability to solve complex problems, Critical thinking, Analytical reasoning, Innovation, and using data to influence senior level stakeholders.
Strong technical understanding of data and skills to analyze as well as visualize it


Statistical analysis incl identify patterns and trends in the data, avoid bias and apply the right models/methodologies/calculations
Programming languages e.g. python, R, SQL
Data visualization tools e.g. Tableau, power BI
Attention to detail e.g. data hygiene, quality checks, documentation etc.


Rigorous prioritization and working in fast-paced environments : Track record of success in environments with competing and continuously evolving priorities.
Collaboration and Stakeholder management: Strong collaboration and influencing skills in a highly matrixed environment.
Communication : Outstanding verbal and written communication – structured, engaging and compelling.

#LI-MG4
Who are we?
At Gartner, Inc. (NYSE:IT), we guide the leaders who shape the world.
Our mission relies on expert analysis and bold ideas to deliver actionable, objective insight, helping enterprise leaders and their teams succeed with their mission-critical priorities.
Since our founding in 1979, we’ve grown to more than 20,000 associates globally who support ~15,000 client enterprises in ~90 countries and territories. We do important, interesting and substantive work that matters. That’s why we hire associates with the intellectual curiosity, energy and drive to want to make a difference. The bar is unapologetically high. So is the impact you can have here.
What makes Gartner a great place to work?
Our sustained success creates limitless opportunities for you to grow professionally and flourish personally. We have a vast, virtually untapped market potential ahead of us, providing you with an exciting trajectory long into the future. How far you go is driven by your passion and performance.
We hire remarkable people who collaborate and win as a team. Together, our singular, unifying goal is to deliver results for our clients.
Our teams are inclusive and composed of individuals from different geographies, cultures, religions, ethnicities, races, genders, sexual orientations, abilities and generations.
We invest in great leaders who bring out the best in you and the company, enabling us to multiply our impact and results. This is why, year after year, we are recognized worldwide as a great place to work .
What do we offer?
Gartner offers world-class benefits, highly competitive compensation and disproportionate rewards for top performers.
In our hybrid work environment, we provide the flexibility and support for you to thrive — working virtually when it's productive to do so and getting together with colleagues in a vibrant community that is purposeful, engaging and inspiring.
Ready to grow your career with Gartner? Join us.Gartner believes in fair and equitable pay. A reasonable estimate of the base salary range for this role is 66,000 USD - 86,940 USD. Please note that actual salaries may vary within the range, or be above or below the range, based on factors including, but not limited to, education, training, experience, professional achievement, business need, and location. In addition to base salary, employees will participate in either an annual bonus plan based on company and individual performance, or a role-based, uncapped sales incentive plan. Our talent acquisition team will provide the specific opportunity on our bonus or incentive programs to eligible candidates. We also offer market leading benefit programs including generous PTO, a 401k match up to $7,200 per year, the opportunity to purchase company stock at a discount, and more.
 The policy of Gartner is to provide equal employment opportunities to all applicants and employees without regard to race, color, creed, religion, sex, sexual orientation, gender identity, marital status, citizenship status, age, national origin, ancestry, disability, veteran status, or any other legally protected status and to affirmatively seek to advance the principles of equal employment opportunity.
Gartner is committed to being an Equal Opportunity Employer and offers opportunities to all job seekers, including job seekers with disabilities. If you are a qualified individual with a disability or a disabled veteran, you may request a reasonable accommodation if you are unable or limited in your ability to use or access the Company’s career webpage as a result of your disability. You may request reasonable accommodations by calling Human Resources at +1 (203) 964-0096 or by sending an email to ApplicantAccommodations@gartner.com .Job Requisition ID:93016 
 By submitting your information and application, you confirm that you have read and agree to the country or regional recruitment notice linked below applicable to your place of residence.
Gartner Applicant Privacy Link: https://jobs.gartner.com/applicant-privacy-policy

&nbsp;",
Data Analyst,Citizens,"338 Washington Street, Westwood, MA 02090",Full-time,"Profile insightsFind out how your skills align with the job descriptionSkillsDo you have experience in Tableau?YesNoEducationDo you have a Bachelor's degree?YesNo&nbsp;Job detailsHere’s how the job details align with your profile.Job typeFull-time&nbsp;Location338 Washington Street, Westwood, MA 02090&nbsp;BenefitsPulled from the full job descriptionOpportunities for advancement&nbsp;Full job description
Description
Citizens Bank is seeking a Data Analyst that will assist in the creation of data sets to support Measurement activities across the Enterprise Data and Analytics Town. The Data Analyst will work with partners in different areas of the bank to identify relevant data sets, design queries to link and summarize the data that can be used to create Tableau Data Sources. This role includes working with business lines to understand their business goals and identifying necessary data points to develop the appropriate measurement.
 Essential Functions:

Identify, research and facilitate the creation of data sets that can be used in Tableau Measurement Dashboards.
Link and Profile data from multiple sources to ensure accuracy and completeness.
Work closely with Tableau Developers and Business Analysts to ensure that data sets provide all needed information in a consistent format
Create repeatable processes that allow the team to update datasets in an automated way.
Create and maintain robust documentation of solutions, validation testing and operating procedures for audit and compliance requirements.

Qualifications:

A minimum of 3 years in data engineering using procedural SQL (PL/pgSQL) and SAS.
Strong analytical skills and data management.
Scripting Experience and Linux Shell experience is preferred.
Familiarity with Agile and SCRUM is a preferred.
Experience working with retail banks is preferred.
Experience working with Tableau is preferred.

Education:

Bachelor’s degree in Engineering, Mathematics, Computer Science, Finance or a related field.

Some job boards have started using jobseeker-reported data to estimate salary ranges for roles. If you apply and qualify for this role, a recruiter will discuss accurate pay guidance.
 Equal Employment Opportunity
At Citizens we value diversity, equity and inclusion, and treat everyone with respect and professionalism. Employment decisions are based solely on experience, performance, and ability. Citizens, its parent, subsidiaries, and related companies (Citizens) provide equal employment and advancement opportunities to all colleagues and applicants for employment without regard to age, ancestry, color, citizenship, physical or mental disability, perceived disability or history or record of a disability, ethnicity, gender, gender identity or expression (including transgender individuals who are transitioning, have transitioned, or are perceived to be transitioning to the gender with which they identify), genetic information, genetic characteristic, marital or domestic partner status, victim of domestic violence, family status/parenthood, medical condition, military or veteran status, national origin, pregnancy/childbirth/lactation, colleague’s or a dependent’s reproductive health decision making, race, religion, sex, sexual orientation, or any other category protected by federal, state and/or local laws.
Equal Employment and Opportunity Employer
Citizens is a brand name of Citizens Bank, N.A. and each of its respective affiliates.
 Why Work for Us
 At Citizens, you'll find a customer-centric culture built around helping our customers and giving back to our local communities. When you join our team, you are part of a supportive and collaborative workforce, with access to training and tools to accelerate your potential and maximize your career growth
 
Background Check
Any offer of employment is conditioned upon the candidate successfully passing a background check, which may include initial credit, motor vehicle record, public record, prior employment verification, and criminal background checks. Results of the background check are individually reviewed based upon legal requirements imposed by our regulators and with consideration of the nature and gravity of the background history and the job offered. Any offer of employment will include further information.
&nbsp;",
Data Analyst,SWBC,"San Antonio, TX",Full-time,"Profile insightsFind out how your skills align with the job descriptionSkillsDo you have experience in Tableau?YesNoEducationDo you have a Bachelor's degree?YesNo&nbsp;Job detailsHere’s how the job details align with your profile.Job typeFull-time&nbsp;LocationSan Antonio, TX&nbsp;BenefitsPulled from the full job description401(k)Continuing education creditsHealth insuranceWellness program&nbsp;Full job description

  SWIVEL is seeking a talented individual to work with Data Scientist, Data Engineers, and BI Developers to deliver data driven solutions that impact business performance, enhance business decisions, and support the overall data strategy of the organization. The Data Analyst will leverage AWS, Snowflake, Fivetran, DBT, and various BI Tools to manage, organize, and analyze data to provide business insights. The Data Analyst will also support various data initiatives to provide quick and accurate validation, strategy implementation, and address ad hoc requests from business partners.
 


 Why you’ll love this role:


 As a Data Analyst in SWBC’s financial institution group, you will have the opportunity to collaborate with various data resources across the data pipeline to provide end-to-end data solutions, assist leadership by providing research, reports, or dashboards that promote data driven decisions across the organization. Bring your business analytics research knowledge to work alongside various business units providing insights, developing KPI’s, and establishing alert triggers to help optimize workflows. We follow Agile-Scrum methodologies. You will work with SWBC data program tools to understand how data flows from end-to-end, document business processes to create requirements for data model development and work with our data scientists to provide quick validation and tuning of machine learning models.



 Essential duties include the following:


Develops and provides requirements for dynamic reporting solutions supporting both internal and external clients to include on time and accurate distribution of daily/weekly/monthly reports as required; and performs ad hoc reports and dashboard reporting options.
Analyzes reports and dashboards for trends in activity and performance and provides data analysis tools such as charts, graphs, pivot tables, and the like.
Utilize skills in quantitative analysis, data wrangling, and the data storytelling to see beyond the numbers and understand how data can enhance end user decision making and process flow optimizations.
Helps establish requirements and success criteria for Data Modeling and Data Engineering efforts to support the development of centralized data solutions for all end users and business units.
Assists with the development and maintenance of documentation, governance, security best practices.
Supports data validation, KPI development, data model calculations, dashboard development criteria, proof of concepts, and ad hoc reporting requests.



 Serious candidates will possess the minimum qualifications:


Bachelor’s Degree in Data Science, Data Analytics, Business, Finance, Mathematics, Computer Science, related field, or equivalent experience.
At least 12 months experience in quantitative analysis in a fast-paced environment or across a diverse set of product lines.
Experience in BI development and best practices across various BI tools (Tableau, Power BI, DOMO, Sigma, Omni or Looker Preferred).
Experience communicating results of analyses to technical and non-technical leadership teams to influence the strategy.
Strong understanding and ability to interpret ambiguity with minimal direction.
Excellent and effective communication skills, both verbal and written.
Proficient in various data specific coding languages (Python, SQL, Jinja, etc.)
Able to make decisions and recommendations with minimal consultation.
Able to lift up to 20 lbs. of files, supplies, documents, or other related items.



 SWBC offers*:


Competitive overall compensation package
Work/Life balance
Employee engagement activities and recognition awards
Years of Service awards
Career enhancement and growth opportunities
Leadership Academy and Mentor Program
Continuing education and career certifications
Variety of healthcare coverage options
Traditional and Roth 401(k) retirement plans
Lucrative Wellness Program



Based upon employee eligibility



 Additional Information:



 SWBC is a Substance-Free Workplace and requires pre-employment drug testing.
 


 Please note, SWBC does not hire tobacco users as allowed by law.
 


 To learn more about SWBC, visit our website at www.SWBC.com. If interested, please click the appropriate apply button.
 
&nbsp;",
Data & Systems Analyst,Switchyards,"151 Ted Turner Drive Northwest, Atlanta, GA 30303",Full-time,"Profile insightsFind out how your skills align with the job descriptionSkillsDo you have experience in Tableau?YesNoEducationDo you have a Bachelor's degree?YesNo&nbsp;Job detailsHere’s how the job details align with your profile.Job typeFull-time&nbsp;Location151 Ted Turner Drive Northwest, Atlanta, GA 30303&nbsp;Full job description



   Our Data & Systems Analyst will conduct data analysis and enhance our systems.
  


Description



     Hi, I’m Khadijah, Senior Manager of Growth & Analytics
    


 I will be leading the hiring process for this role, which is a critical addition to our team as we continue to fuel our growth engine. Thank you for your interest and for taking the time to learn more about us.
    


 —



Who We Are:


     Switchyards is the world’s first neighborhood work club. We're creating places to do our best thinking and most productive work. Near home. Around friends and neighbors. Always open — 24/7.
    


 Based in Atlanta and venture-funded, we’ve created a new consumer category for the future of work. With big plans to open work clubs across the country, we are becoming one of the iconic brands of our generation.
    


 In our next phase, growth = oxygen, we’re on the hunt for a tenacious Data & Systems Analyst, who is passionate about using insights and data science to drive customer-centric growth.
    


 The role:


     As a key fixture of the Growth & Analytics team, you’ll conduct complex analyses and recommend actionable insights that will catalyze membership growth and turn loyal members into raving Switchyard fanatics. You will also optimize and scale our systems, enabling us to operate more efficiently as we open 200 clubs over the next 5 years.
    


 What you’ll do:


     In your day to day, you will analyze trends, identify opportunities, develop reports and implement technology solutions that will streamline our operations and support our growth strategy.



     This role is at an exciting intersection of business, technology and data. If you are all about getting work done creatively and collaboratively — you live and breathe data —and are excited about growing the next world-class brand, come join our Growth & Analytics team.
    


 What you bring:


Relentless curiosity. You don't shy away from the unknown. You constantly ask ‘why?’ and dig a layer deeper in pursuit of a more meaningful and nuanced answer/insight.
Facts and numbers. You are a data-driven and logical decision maker. You can make confident decisions based on hard facts and numbers.
Mathematician. You live and breathe numbers. And you outperform others when it comes to this arena.
Adaptability. You are flexible and eager to grow. You understand that it’s necessary to adjust perspective and priorities when doing something in a unique way. You excel in “the gray.”
Bias for action. You have an ownership mindset and an outstanding ability to identify and resolve problems.
Both brains. A balance of a creative and analytical mindset. You can pull out a nugget of insightful data and ideate creative tactics to action it.



 Responsibilities:

Data Analysis & Reporting (70%)




Data Management: Oversee the integration and maintenance of data across various platforms to ensure data integrity, accuracy, and accessibility.
Analysis: Analyze operational, member, and financial data to uncover trends and performance metrics. Create reports and dashboards to monitor key KPIs, including member growth, occupancy, retention, and revenue, LTV etc.
Data-Driven Decision Making: Distill complex data into actionable insights to inform strategic decisions, such as optimizing space utilization, enhancing member experience, and identifying growth opportunities.
Regular Reporting: Develop and automate regular reports on key metrics (e.g., membership numbers, occupancy rates, revenue)
Forecasting & Planning: Use data models to project future trends, guiding decisions on expansion, pricing strategies, and resource allocation.
Data Champion: Serve as the in-house subject matter expert on data and analytics, shepherding a data-driven mindset across the organization.



Systems Management & Optimization (30%)




Systems Management: Own the management, maintenance, and optimization of internal systems, including testing, troubleshooting, and implementing improvements.
Process Automation: Develop and implement automated workflows between systems (e.g., membership databases, payment systems, booking software) to reduce manual tasks and errors. Utilize scripting, APIs, and third-party tools as needed.
Technology Advancement: Proactively identify and recommend new tools to enhance our tech stack and data infrastructure.





 Qualifications:


Bachelor’s degree in a quantitative, business, STEM, or research discipline. OR a degree in another field with a strong aptitude for analytical / quantitative thinking.
3+ years of professional experience, preferably in analytics, data science, business intelligence, or data insights roles
Proficient in navigating large datasets, acquiring, cleansing data from multiple sources. Comfortable working with both structured and unstructured data.
Hands-on experience with relational databases (e.g., MySQL, PostgreSQL) and NoSQL databases.
Strong working knowledge of a programming language (e.g., SQL, SAS, R, Python, Javascript) with the ability to write clean, maintainable, and efficient code.
Basic understanding of data architecture and engineering techniques, including data modeling, schema design, and query optimization.



 Nice to Haves:


Data visualization skills and familiarity with BI tools (Tableau, Looker Studio)
Familiarity with cloud data infrastructure (AWS, Google BigQuery)
Ability to deploy, monitor, troubleshoot applications in a production environment.



 Note: Switchyards is an Equal Employment Opportunity and Affirmative Action Employer. Qualified applicants will receive consideration for employment without regard to race, color, religion, sex, sexual orientation, gender perception or identity, national origin, age, marital status, protected veteran status, or disability status.





&nbsp;",
Data Analyst I,CAMRIS,"San Diego, CA 92101","$62,340.00 - $72,654.40 a year -  Full-time","Profile insightsFind out how your skills align with the job descriptionLicensesDo you have a valid Secret Clearance license?YesNoSkillsDo you have experience in Training & development?YesNoEducationDo you have a Master's degree?YesNo&nbsp;Job detailsHere’s how the job details align with your profile.Pay$62,340.00 - $72,654.40 a yearJob typeFull-time&nbsp;LocationSan Diego, CA 92101&nbsp;Full job description
 Overview: 
 We are seeking a Data Analyst I to support the Naval Health Research Center (NHRC), Operational Infectious Diseases (OID) Directorate. The role involves collecting, managing, analyzing, and reporting data related to infectious disease surveillance and research. This position contributes to the OID’s mission of improving military force health protection by monitoring, understanding, and mitigating the impacts of infectious diseases on U.S. service members.


 The OID Directorate conducts ongoing, laboratory-based surveillance of US military populations in unique environments to quantify and study the etiology of infectious illnesses. Test specimens are collected from ongoing surveillance programs and from special investigations of febrile illnesses and pneumonia among military personnel or civilians (recruits, forces afloat, deployed forces, outbreaks of concern, and border populations). In addition to the utilization of portable, rapid assay technologies to identify pathogens in the field, test specimens and limited epidemiologic data, when approved by the Institutional Review Board (IRB), are provided to the NHRC laboratory where diagnostics and, in some instances, in-depth pathogen characterization is conducted. Results are provided to sponsors, the Armed Forces Health Surveillance Center, local investigators and collaborators, and, when applicable, county health units to guide proper responses that ultimately affect both the readiness of US forces and the safety of public health.
 


 CAMRIS International, LLC, is a dynamic medical research and development firm that achieves innovative solutions to health and development challenges through high-quality, cost-effective programs and research management services. We combine our proven systems with today’s most effective, evidence-based best practices. Our core practice areas include vaccine research, development, and production; microbiology and infectious disease research; biodefense; clinical research; global health security; and HIV/AIDS programs.
 


 Our employees enjoy a diverse, collegial environment where individual contributions matter at all levels. At CAMRIS, you will notably improve the lives of people at home and abroad.
  Responsibilities: 
 
Collects, organizes, and maintains large datasets related to infectious disease research, including clinical, laboratory, and epidemiological data.
Ensures data quality and integrity through the application of data cleaning methods and validation techniques.
Develops and maintains comprehensive databases for the storage of surveillance data.
Applies statistical methods and analytical tools to interpret and evaluate datasets, identifying trends, correlations, and patterns relevant to infectious disease surveillance.
Supports the development of predictive models to assess the potential spread and impact of infectious diseases in military populations.
Assists in the design of epidemiological studies, including data collection methodologies and analysis plans.
Prepares detailed reports, presentations, and data visualizations to communicate findings to internal stakeholders, including military leadership and research teams.
Assists in preparing manuscripts, technical reports, and research papers for publication in peer-reviewed journals.
Contributes to developing dashboards and other visualization tools to enhance data interpretation and usability.
Collaborates with cross-functional teams, including epidemiologists, public health experts, laboratory personnel, and military stakeholders.
Participates in regular project meetings to provide data insights and analytical updates.
Communicates complex data findings to non-technical audiences effectively.

 Qualifications: 
 Required


A master’s degree in data science, biostatistics, epidemiology, public health, computer science, or a related field.
A minimum of two years of relevant experience in data analysis, preferably in a health or infectious disease research setting.
Proficiency in statistical software (e.g., SAS, R, Python, SPSS) and database management systems (e.g., SQL).
Experience with data visualization tools such as Tableau or Power BI is highly desirable.
Strong analytical and problem-solving skills with attention to detail.
Knowledge of data cleaning, data management, and statistical modeling techniques.
Familiarity with epidemiological research methods and infectious disease surveillance is a plus.
Excellent written and verbal communication skills.
Ability to work both independently and as part of a multidisciplinary team.
US Citizenship and the ability to obtain and maintain a T3/Secret Clearance.

Preferred


Experience working in a research or laboratory setting, particularly in infectious diseases.
Familiarity with federal and military procurement and logistics policies.
Experience with managing and training support staff.



 CAMRIS International, LLC offers competitive salaries and comprehensive benefits. Please submit your resume online at www.CAMRIS.com. CAMRIS is an Equal Opportunity/Affirmative Action Employer. All qualified applicants will receive consideration for employment without regard to race, color, religion, sex, sexual orientation, gender identity, national origin, age, protected veteran status, disability status, political affiliation, marital status, military status, or any other characteristic protected by any applicable federal, state, or local law.



 Some positions or sites may require that the incumbent be fully vaccinated against COVID-19. Proof of vaccination may be required.



 Employment is contingent upon successful completion of a secret-level background check, a requirement for this position under an active federal contract. The background check process may include, but is not limited to the following: (1) contacting your professional references; (2) verification of previous employment, education and credentials; (3) a criminal background check; (4) use/abuse of federally-controlled substances; and (5) a department of motor vehicle check. Candidates must be prepared to fully-complete any required background check questionnaire during initial onboarding.

&nbsp;",
Human Resources Data Analyst,Accenture Federal Services,"Tysons, VA","$113,500 - $234,900 a year","Profile insightsFind out how your skills align with the job descriptionLicensesDo you have a valid TS/SCI with Polygraph license?YesNoSkillsDo you have experience in VBA?YesNoEducationDo you have a Master's degree?YesNo&nbsp;Job detailsHere’s how the job details align with your profile.Pay$113,500 - $234,900 a year&nbsp;LocationTysons, VA&nbsp;Full job description


   At Accenture Federal Services, nothing matters more than helping the US federal government make the nation stronger and safer and life better for people. Our 13,000+ people are united in a shared purpose to pursue the limitless potential of technology and ingenuity for clients across defense, national security, public safety, civilian, and military health organizations.
  


   Join Accenture Federal Services to do the work you love in an inclusive, collaborative, and caring community, where you can be empowered to grow, learn and thrive through hands-on experience, certifications, industry training and more.
  


   Join us to drive positive, lasting change that moves missions and the government forward!
  


 Accenture Federal Services is seeking a Human Resources Data Analyst to analyze workforce data.
 Responsibilities include:

Hiring, retention, attrition, and organizational mobility metrics, to identify trends and labor projections
Build/modify data visualization dashboards, reports, and other products to suit client needs
Assist in development of position description libraries
Administer relational databases
Normalize, standardize, and integrate disparate raw data sets
Assist with survey design and execution across 18 IC agencies
Provide data analytic support for surveys, data calls, and other human capital efforts
Clearly communicate technical or analytic findings in a easily understood narratives via graphical, written, and verbal formats
Manage HR data, conduct analysis

Here is what you need: 

BA/BS Degree and a 18+ years of professional experience or a Master's Degree and 10+ years of professional experience
Previous data analysis experience within the IC
4+ years of experience with MS Office including Excel, Tableau, Python, SQL

Bonus Points if you have:

Knowledge of the following tools: Cognos, VBA, R, SPSS, SAS, LimeSurvey, Personal Operations Portal system, PD Library, Lawson
Workforce analytics and workforce planning experience

Security Clearance:

TS/SCI with Polygraph is required to start




What We Believe


We have an unwavering commitment to diversity with the aim that every one of our people has a full sense of belonging within our organization. As a business imperative, every person at Accenture Federal Services has the responsibility to create and sustain an inclusive environment.



Inclusion and diversity are fundamental to our culture and core values. Our rich diversity makes us more innovative and more creative, which helps us better serve our clients and our communities. Read more here



Equal Employment Opportunity Statement


Accenture Federal Services is an Equal Opportunity Employer. We believe that no one should be discriminated against because of their differences, such as age, disability, ethnicity, gender, gender identity and expression, religion or sexual orientation.



All employment decisions shall be made without regard to age, race, creed, color, religion, sex, national origin, ancestry, disability status, veteran status, sexual orientation, gender identity or expression, genetic information, marital status, citizenship status or any other basis as protected by federal, state, or local law.



Accenture is committed to providing veteran employment opportunities to our service men and women.



For details, view a copy of the Accenture Equal Opportunity and Affirmative Action Policy Statement.


 Los Angeles County Information Only If you live in or expect to work from Los Angeles County if hired for this position, please review below for important additional information.  Criminal history may have a direct, adverse, and negative relationship with some of the material job duties of this position. These include the duties and responsibilities listed in the job posting, as well as the abilities to adhere to company policies, exercise sound judgment, effectively manage stress and work safely and respectfully with others, exhibit trustworthiness, meet client expectations, standards, and accompanying requirements, and safeguard business operations and company reputation. Pursuant to the California Fair Chance Act, Los Angeles County Fair Chance Ordinance for Employers, Los Angeles Fair Chance Initiative for Hiring Ordinance, and San Francisco Fair Chance Ordinance, we will consider for employment qualified applicants with arrest and conviction records.


 Requesting An Accommodation


Accenture Federal Services is committed to providing equal employment opportunities for persons with disabilities or religious observances, including reasonable accommodation when needed. If you are hired by Accenture Federal Services and require accommodation to perform the essential functions of your role, you will be asked to participate in our reasonable accommodation process. Accommodations made to facilitate the recruiting process are not a guarantee of future or continued accommodations once hired.



If you are being considered for employment opportunities with Accenture Federal Services and need an accommodation for a disability or religious observance during the interview process or for the job you are interviewing for, please speak with your recruiter.



Other Employment Statements


Applicants for employment in the US must have work authorization that does not now or in the future require sponsorship of a visa for employment authorization in the United States.



Candidates who are currently employed by a client of Accenture Federal Services or an affiliated Accenture business may not be eligible for consideration.



Job candidates will not be obligated to disclose sealed or expunged records of conviction or arrest as part of the hiring process.



The Company will not discharge or in any other manner discriminate against employees or applicants because they have inquired about, discussed, or disclosed their own pay or the pay of another employee or applicant. Additionally, employees who have access to the compensation information of other employees or applicants as a part of their essential job functions cannot disclose the pay of other employees or applicants to individuals who do not otherwise have access to compensation information, unless the disclosure is (a) in response to a formal complaint or charge, (b) in furtherance of an investigation, proceeding, hearing, or action, including an investigation conducted by the employer, or (c) consistent with the Company's legal duty to furnish information.



&nbsp;",
Business Analyst,Red Cedar Consultancy LLC,"McLean, VA 22102",Full-time,"Profile insightsFind out how your skills align with the job descriptionSkillsDo you have experience in Software testing?YesNo&nbsp;Job detailsHere’s how the job details align with your profile.Job typeFull-time&nbsp;LocationMcLean, VA 22102&nbsp;Full job description
Job Title: Business Analyst
Location: Remote
SEEKING CANDIDATES WITH EITHER AN ACTIVE PUBLIC TRUST CLEARANCE OR A CLEARANCE IN THE PAST.
RCC is seeking a Business Analyst to work within a fast-paced, remote Agile team. The Business Analyst will support Agile Application Development technologies and capabilities in the areas of software development, systems engineering, integration, and test of software applications and infrastructure. This position will accomplish the following:
Responsibilities:

Create and maintain Project documents and identify areas of improvements related to process, information, and dissemination
Coordinate onboarding of new employees
The individual must have a proven record of customer service, reliability, and discretion.
The most successful individual in this position will possess an understanding of a busy organization and a talent for anticipating the needs of the professionals who work there.
The individual will have a never-failing desire to help make Sev1Tech a better place to work for everyone employed by the company.
Take initiative to assist with tasks that must be done in a growing office - Perform all other duties as assigned
Conducting general or (as appropriate) specific business analyst competencies including process definition and improvement, requirements definition/analysis, software/system testing, system documentation and team leadership responsibilities
Creating project artifacts such as requirements documents, design documents, implementation plans, governance plans, and organizational readiness plans for your engagements
Working closely with clients and other team members to understand and support project delivery expectations
Communicating clearly, professionally, and regularly with clients, partners, vendors, and other Sev1Tech personnel
Supporting business meetings, including requirements and architecture reviews, and delivering technical and business impact presentations with both IT team members as well as business users - Positioning yourself as a trusted advisor to Sev1Techi clients
Working in a very fast paced environment - Obtaining and maintaining relevant industry certifications as required

Required Qualifications:

Minimum of 8 or years’ experience working on agile software development projects
Exhibiting a visionary architecture mindset
Experience as a Business Analyst or in a role involving requirements definition/analysis, systems analysis/design, or system/software testing
Demonstrated strong analysis skills and the ability to make critical business recommendations
Strong organizational and communication skills
Experience in a variety of Software Development Lifecycle (SDLC) methodologies, including Agile, Scrum and Waterfall
Possess an exceptional customer service attitude, be dependable with a great work ethic, show demonstrated initiative, and display ownership of issues - Ability to successfully work in a fast paced, changing environment
Ability and desire to learn new skills quickly
Must be a U.S. Citizen
Must be able to obtain and maintain a Public Trust clearance

Desired Qualifications:

Previous consulting firm experience
Software development experience
Agile experience desired
USCIS experience preferred
Experience with DevOps teams preferred

&nbsp;",
Sr. Technical Business Analyst,DGSavants,"Coral Springs, FL 33073",Not Available,"Profile insightsFind out how your skills align with the job descriptionSkillsDo you have experience in Microservices?YesNo&nbsp;LocationCoral Springs, FL 33073&nbsp;Full job description
Mandatory Skills:

Techno-functional BAs who can write use cases for APIs, Metadata, and similar tech architecture components.
Experience in Cards Dispute & Frauds domain
Excellent written and verbal communication skill
Experience in User Stories creation for the Functional Epics
Experience in Agile Development lifecycle methodology
Work closely with the software architects, development team members and product owners
Ability to work in large, collaborate teams to achieve organizational goals
Experience in Microservice development
(look for all product-based companies FIS etc.)

&nbsp;",
Retirement Data Analyst,Ardagh Group,"10194 Crosspoint Boulevard, Indianapolis, IN 46256","$70,000 - $85,000 a year -  Full-time","Profile insightsFind out how your skills align with the job descriptionSkillsDo you have experience in Time management?YesNoEducationDo you have a Bachelor's degree?YesNo&nbsp;Job detailsHere’s how the job details align with your profile.Pay$70,000 - $85,000 a yearJob typeFull-time&nbsp;Location10194 Crosspoint Boulevard, Indianapolis, IN 46256&nbsp;BenefitsPulled from the full job description401(k)401(k) matchingBenefits from day oneDental insuranceDisability insuranceEmployee assistance programHealth insuranceShow morechevron down&nbsp;Full job descriptionRole description:
The Retirement Benefit Analyst is responsible for performing a variety of functions associated with onboarding, data analysis, and providing support for defined contributions, defined benefits, and non-qualified plans. This role works closely with third-party administrators to resolve participant issues.
Responsibilities:

Respond to retirement benefits questions and correspond with vendors to resolve employee issues
Reconcile payroll contributions for the company's 401(k) plans in addition to other audits related to plan data
Support review of retirement data to the third-party administrator and actuary
Assist with required federal filings and reporting, annual audits for 401(k) plans, the corporate audit, and regulatory agency audits
Prioritize work to meet tight deadlines and multiple touchpoints
Compile, verify, and analyze data for the administration of benefits
Ensures retirement plans are administered in accordance with company, state, and federal guidelines and regulations
Maintains knowledge of legal and regulatory changes, trends, and other developments affecting retirement benefits
Support additional tasks and special projects as required

Minimum skills / qualifications:

Bachelor's degree in business administration, human resources, or a related field
Two (2) years of experience with retirement plans or data analysis in a fast-paced deadline focused environment
Excellent organizational skills and attention to detail
Excellent analytical skills
Excellent communication skills with the ability to foster relationships with internal and external partners
Ability to work independently as well as with others
Shows initiative and is results-oriented
Effective time management skills, with the ability to multi-task and prioritize work

Preferred skills / qualifications:

Proficient with Microsoft Office Suite
Knowledge of ERISA, defined contribution plans, defined benefit plans, and non-qualified plans

About Ardagh GroupArdagh Glass Packaging is a global leader in glass packaging solutions, producing packaging for the world’s leading brands. We trace our roots all the way back to the Irish Glass Bottle Company, founded in 1932. Since then, we have grown rapidly to a team of more than 20,000 people with revenues of over $9 billion. Today we have a presence across Europe, Africa, and North America.

Did you know that Ardagh produce many of the beverage cans and bottles you drink your favorite beverages from?
Did you know we produce metal and glass packaging which are permanent materials, meaning they can be infinitely recycled without any loss of quality?
Did you know we produce more than 160 million containers per day?

Ardagh is passionate about sustainability and have a reputation for innovation. We push the boundaries of what’s possible, pioneering new production methods, new design techniques and new ways to recycle and save energy. Our aim is to reduce any negative environmental impact while remaining economically sustainable and socially responsible. We believe that the success of our business depends on the success of our people. We strive to create working environments where our employees feel valued, can work to their full potential, and where their achievements are celebrated. Here at Ardagh, we offer exciting and rewarding opportunities for talented and creative people. If you have ambition and want to make an impact with your career, come and join our team, you’ll enjoy the journey!
Benefits Offered

Medical, prescription, dental and vision plans
Health Savings Account (HSA) and Flexible Spending Accounts (FSA)
Life insurance
401(k) retirement plan with company match and an employer retirement contribution
Paid holidays, floating days and vacation
Short- and Long-Term Disability (STD/LTD)
Employee Assistance Program (EAP)
Tuition reimbursement program
Professional and personal development opportunities through Employee Resource Groups
Benefits available from day 1 of employment
Flexible and hybrid working hours

Ardagh Group is an Equal Employment Opportunity (EEO) Employer and does not discriminate on the basis of age, race, color, religion, gender, sexual orientation, gender identity, gender expression, national origin, protected veteran status, disability or any other basis prohibited by federal, state, and local law.
Ardagh Group complies with federal, state, and local disability laws and makes reasonable accommodations for applicants and employees with disabilities. Contact Clare McHugh (clare.mchugh@ardaghgroup.com) if a reasonable accommodation is needed.
Job Type: Full-time
Pay: $70,000.00 - $85,000.00 per year
Education:

Bachelor's (Preferred)

Experience:

advanced excel: 2 years (Required)

Work Location: Hybrid remote in Indianapolis, IN 46256&nbsp;",
